class,precision,recall,f1-score,support
airplane,0.5241935483870968,0.325,0.4012345679012346,200.0
automobile,0.5164319248826291,0.55,0.5326876513317191,200.0
bird,0.37254901960784315,0.285,0.32294617563739375,200.0
cat,0.35555555555555557,0.08,0.1306122448979592,200.0
deer,0.38926174496644295,0.29,0.332378223495702,200.0
dog,0.3333333333333333,0.565,0.41929499072356213,200.0
frog,0.41237113402061853,0.6,0.48879837067209775,200.0
horse,0.4631578947368421,0.44,0.4512820512820513,200.0
ship,0.56,0.63,0.5929411764705882,200.0
truck,0.43911439114391143,0.595,0.505307855626327,200.0
