train_loss,train_accuracy,train_seconds,fold,epoch,val_loss,val_accuracy,val_macro_f1,val_seconds
1.5820084631443023,0.4796875,0.7793356000911444,1,1,0.8085315763950348,0.8125,0.8068279383949161,0.08097290014848113
0.8157010458409786,0.74140625,0.6638110999483615,1,2,0.4815216585993767,0.8625,0.8636369384952911,0.08765210001729429
0.6162366077303887,0.8046875,0.7814895000774413,1,3,0.3887307241559029,0.88125,0.8802218103085092,0.15499119996093214
0.43832114674150946,0.85859375,0.601063100155443,1,4,0.32224630638957025,0.90625,0.9055510018396358,0.053543100133538246
0.37518944330513476,0.88359375,0.5541431000456214,1,5,0.25402155201882126,0.9125,0.9125149851151896,0.07130399998277426
0.3182264665141702,0.9,0.6153174999635667,1,6,0.24568269439041615,0.91875,0.9191465859409409,0.07516949996352196
0.3173519534990191,0.90546875,0.5953612001612782,1,7,0.26493469923734664,0.915625,0.9167550194024713,0.1251060999929905
0.2580041686072946,0.9140625,0.8823665000963956,1,8,0.22125088814646005,0.93125,0.9310039054636512,0.0752689999062568
0.2455023191869259,0.915625,0.8336314999032766,1,9,0.23518239408731462,0.93125,0.9304924388477019,0.08614830020815134
0.2182255744934082,0.92265625,0.7317523001693189,1,10,0.20911389999091626,0.94375,0.9438962029746746,0.08975189994089305
1.6863367974758148,0.43984375,1.9447519001550972,2,1,0.9196605563163758,0.809375,0.8095616428654641,0.21917109983041883
0.9407622560858726,0.709375,2.165769499959424,2,2,0.48259697258472445,0.9,0.9002210436119746,0.21675259992480278
0.5913714155554771,0.8203125,1.8053113999776542,2,3,0.330083766579628,0.921875,0.9208912177121709,0.2279258999042213
0.47310185693204404,0.86015625,2.004757500020787,2,4,0.2648234434425831,0.9375,0.9370097668491237,0.20781809999607503
0.38561245128512384,0.890625,1.7808322000782937,2,5,0.23086587116122245,0.95,0.9497724415737322,0.2056029001250863
0.30243637338280677,0.91640625,1.8952357999514788,2,6,0.19789060540497302,0.953125,0.9530018945080421,0.20960019994527102
0.29549295231699946,0.90859375,2.053584200097248,2,7,0.1765989437699318,0.953125,0.952992584821313,0.20482280012220144
0.2678724840283394,0.921875,2.0512238999363035,2,8,0.1762513669207692,0.95,0.949909043891064,0.07111619994975626
0.2237594284117222,0.9328125,0.7710724000353366,2,9,0.15102657508105038,0.959375,0.9591001555897192,0.07315930002368987
0.2262674224562943,0.93046875,0.6551383000332862,2,10,0.15035693906247616,0.959375,0.959297352756329,0.07364380010403693
1.6770808011293412,0.4453125,0.6222385000437498,3,1,0.8482820868492127,0.790625,0.7912552821883269,0.06664799991995096
0.863468137383461,0.734375,0.6403655000030994,3,2,0.3660251945257187,0.915625,0.9152894499656213,0.07301419996656477
0.5888872530311346,0.82265625,0.5329714000690728,3,3,0.2579063944518566,0.928125,0.9279533062783016,0.0621739998459816
0.42049824856221674,0.871875,0.5431210000533611,3,4,0.20575875975191593,0.94375,0.9434610380336421,0.05798560008406639
0.37376045174896716,0.88359375,0.5101548999082297,3,5,0.16865188889205457,0.95,0.9492864765869861,0.058581099845469
0.33662387914955616,0.90625,0.5768628001678735,3,6,0.13453160934150218,0.959375,0.9591591572579776,0.06573990010656416
0.2966764088720083,0.909375,0.5672092998865992,3,7,0.15304225236177443,0.9625,0.9618941665016078,0.060957100009545684
0.27957139890640975,0.91796875,0.557919800048694,3,8,0.10678590815514326,0.975,0.9745505930039828,0.06073109991848469
0.25776661541312934,0.91640625,0.58174779987894,3,9,0.09736547619104385,0.9625,0.9624379606376401,0.0623518000356853
0.2430149313993752,0.9234375,0.552469699876383,3,10,0.1093798454850912,0.96875,0.9685200504388103,0.0698376998770982
1.561546866595745,0.4921875,0.5160042999777943,4,1,0.6746072232723236,0.853125,0.8502039469163231,0.06369920005090535
0.7691231586039067,0.75625,0.49646149994805455,4,2,0.3250729113817215,0.915625,0.9160985314495752,0.06419430021196604
0.5578146487474441,0.840625,0.5637195000890642,4,3,0.27299153059720993,0.915625,0.9141868461171023,0.06704390002414584
0.4863055258989334,0.853125,0.5423536999151111,4,4,0.1471760906279087,0.971875,0.9720086119078054,0.06910729990340769
0.3944039337337017,0.8828125,0.5339267000090331,4,5,0.12261565029621124,0.971875,0.9716047046028102,0.060730400029569864
0.3085694175213575,0.91015625,0.5090602000709623,4,6,0.09494165778160095,0.978125,0.9781501428186038,0.06509139994159341
0.26679021306335926,0.9203125,0.5098866000771523,4,7,0.08557700254023075,0.978125,0.9781104916588788,0.05994569999165833
0.26090119034051895,0.92109375,0.6235030998941511,4,8,0.14753831811249257,0.95625,0.9545804786010011,0.08194499998353422
0.22751829084008932,0.9265625,0.6766524000559002,4,9,0.0675015864893794,0.98125,0.981243890518084,0.08084190008230507
0.19921558881178497,0.9390625,0.683471400057897,4,10,0.08603635542094708,0.975,0.9745505930039828,0.08683480019681156
1.8552243083715438,0.3859375,0.519482099916786,5,1,1.0507404565811158,0.80625,0.7974462358652754,0.06252959999255836
1.0245658084750175,0.67734375,0.557637499878183,5,2,0.4295028179883957,0.921875,0.9215590360157465,0.08348129992373288
0.6392845317721367,0.79375,0.5397049998864532,5,3,0.26478444039821625,0.95,0.9493469510949651,0.055318300146609545
0.4618470285087824,0.859375,0.5167473000474274,5,4,0.20428411811590194,0.95625,0.9562796791022597,0.062369999941438437
0.4034831546247005,0.8796875,0.5160540000069886,5,5,0.17654175497591496,0.95625,0.9562843317077189,0.05867890012450516
0.3565945938229561,0.88671875,0.6379112000577152,5,6,0.17581426911056042,0.95625,0.9562808025308025,0.07397880009375513
0.29552211090922353,0.90703125,0.58890730002895,5,7,0.1610173750668764,0.959375,0.9592473706322495,0.04862080002203584
0.29848477263003587,0.9109375,0.5135081999469548,5,8,0.12284512221813201,0.971875,0.971953864289565,0.06744179991073906
0.30233294814825057,0.9,0.48373250011354685,5,9,0.11861676685512065,0.965625,0.9657630519122457,0.05848910007625818
0.23730044588446617,0.92890625,0.5515356999821961,5,10,0.130676656588912,0.9625,0.9620947804473639,0.05878830002620816
