scale,display,repeat,completed,elapsed_s,fps,mean_frame_ms,source_fps,read_ms,detect_ms,link_ms,draw_ms,display_ms,other_ms,start,linked,missing,too_far,tie,wait,candidate_frames,selected_frames
1.0,False,1,121,0.42637260002084076,283.78934292233043,3.5237404960400065,30.0,2.6991297529379197,0.5952644706434331,0.05618346881983448,0.16600165173626882,0.0,0.007161151902550016,1,120,0,0,0,0,121,121
1.0,False,2,121,0.4138903000857681,292.3479964979268,3.4205809924443646,30.0,2.648592568656876,0.5667553704678396,0.048066111289211046,0.15080662170994627,0.0,0.0063603203204914555,1,120,0,0,0,0,121,121
1.0,False,3,121,0.42297710001002997,286.06749631866774,3.4956785124795866,30.0,2.69612726901681,0.5846892556652796,0.04883967089843898,0.1586776857903181,0.0,0.007344631108740144,1,120,0,0,0,0,121,121
1.0,True,1,121,1.4732397999614477,82.1319109103395,12.175535536871468,30.0,2.3019661162864447,1.8622165320687427,0.1313603311884871,0.4427371871819304,7.396808262598847,0.04044710754701668,1,120,0,0,0,0,121,121
1.0,True,2,121,1.479125599958934,81.80508808944921,12.224178512057305,30.0,2.879816525969808,1.851847946589951,0.13450742795416884,0.4566132268014033,6.859284298386702,0.04210908635527142,1,120,0,0,0,0,121,121
1.0,True,3,121,1.5071746999165043,80.28266398494034,12.4559892555083,30.0,2.79548677735123,1.8794057873454837,0.13765041458551303,0.475728918013186,7.121480166265541,0.046237191947346386,1,120,0,0,0,0,121,121
0.5,False,1,121,0.42200989997945726,286.723131390733,3.4876851237971676,30.0,2.9350190042433413,0.3345570217217665,0.048109092595717634,0.16326364129781723,0.0,0.006736363938524704,1,120,0,0,0,0,121,121
0.5,False,2,121,0.4006064999848604,302.0420287852863,3.3107975205360365,30.0,2.77274545409124,0.319112397245447,0.04752479543647736,0.16468182044519372,0.0,0.006733053317678369,1,120,0,0,0,0,121,121
0.5,False,3,121,0.40986839996185154,295.21670861003696,3.387342148445054,30.0,2.8646834760380924,0.3168272712722051,0.044895037777783454,0.15479917657246028,0.0,0.0061371867845127406,1,120,0,0,0,0,121,121
