id,area_pixel2,perimeter_pixel,circularity,selected,reason
1,2430.0,184.50966703891754,0.8969699368863712,True,pass
2,1785.0,158.36753129959106,0.894367050342449,True,pass
3,2462.0,185.33809423446655,0.9006758676611477,True,pass
4,611.0,137.25483310222626,0.4075639683326141,False,area+circularity
5,2566.5,189.0954521894455,0.9019635028135397,True,pass
6,1795.5,158.6101713180542,0.8968776570831404,True,pass
7,2509.0,188.50966608524323,0.8872444207330742,True,pass
8,2564.0,194.5096663236618,0.8516193236033133,True,pass
9,1821.0,160.36753046512604,0.8897887836686936,True,pass
10,2668.0,193.33809423446655,0.8969346927838467,True,pass
